{
  "products": [
    {
      "id": "5y54yrf",
      "brand": "NIKE",
      "title": "Air Jordan Legacy 312 Low",
      "division": "Kids",
      "category": "Shoes",
      "subCategory": "Lifestyle",
      "price": 52.99,
      "discountPercentage": "1",
      "description": "The Air Jordan Legacy 312 Low Younger Kids' Shoe celebrates MJ's legacy with this shout-out to Chicago's 312 area code. The design creates a modern mash-up of iconic Jordan shoe elements.",
      "thumbnail": "https://static.nike.com/a/images/t_default/u_126ab356-44d8-4a06-89b4-fcdcc8df0245,c_scale,fl_relative,w_1.0,h_1.0,fl_layer_apply/0987395f-6275-4fa3-a77e-77faa3ad6c15/air-jordan-legacy-312-low-younger-shoe-bqlFkz.png",
      "rating": "2",
      "images": [
        "https://cdn.dummyjson.com/product-images/2/1.jpg",
        "https://cdn.dummyjson.com/product-images/2/2.jpg",
        "https://cdn.dummyjson.com/product-images/2/3.jpg",
        "https://cdn.dummyjson.com/product-images/2/thumbnail.jpg"
      ]
    },
    {
      "id": 2,
      "title": "iPhone 11",
      "description": "SIM-Free, Model A19211 6.5-inch Super Retina HD display with OLED technology A12 Bionic chip with ...",
      "price": "899",
      "discountPercentage": "20",
      "rating": "4.6",
      "stock": 34,
      "brand": "Apple",
      "category": "smartphones",
      "thumbnail": "https://cdn.dummyjson.com/product-images/2/thumbnail.jpg",
      "images": [
        "https://cdn.dummyjson.com/product-images/2/1.jpg",
        "https://cdn.dummyjson.com/product-images/2/2.jpg",
        "https://cdn.dummyjson.com/product-images/2/3.jpg",
        "https://cdn.dummyjson.com/product-images/2/thumbnail.jpg"
      ]
    },
    {
      "id": 3,
      "title": "Samsung Universe 9",
      "description": "Samsung's new variant which goes beyond Galaxy to the Universe",
      "price": 1249,
      "discountPercentage": 15.46,
      "rating": 4.09,
      "stock": 36,
      "brand": "Samsung",
      "category": "smartphones",
      "thumbnail": "https://cdn.dummyjson.com/product-images/3/thumbnail.jpg",
      "images": [
        "https://cdn.dummyjson.com/product-images/3/1.jpg"
      ]
    },
    {
      "id": 4,
      "title": "OPPOF19",
      "description": "OPPO F19 is officially announced on April 2021.",
      "price": 280,
      "discountPercentage": 17.91,
      "rating": 4.3,
      "stock": 123,
      "brand": "OPPO",
      "category": "smartphones",
      "thumbnail": "https://cdn.dummyjson.com/product-images/4/thumbnail.jpg",
      "images": [
        "https://cdn.dummyjson.com/product-images/4/1.jpg",
        "https://cdn.dummyjson.com/product-images/4/2.jpg",
        "https://cdn.dummyjson.com/product-images/4/3.jpg",
        "https://cdn.dummyjson.com/product-images/4/4.jpg",
        "https://cdn.dummyjson.com/product-images/4/thumbnail.jpg"
      ]
    },
    {
      "id": 5,
      "title": "Huawei P30",
      "description": "Huawei’s re-badged P30 Pro New Edition was officially unveiled yesterday in Germany and now the device has made its way to the UK.",
      "price": 499,
      "discountPercentage": 10.58,
      "rating": 4.09,
      "stock": 32,
      "brand": "Huawei",
      "category": "smartphones",
      "thumbnail": "https://cdn.dummyjson.com/product-images/5/thumbnail.jpg",
      "images": [
        "https://cdn.dummyjson.com/product-images/5/1.jpg",
        "https://cdn.dummyjson.com/product-images/5/2.jpg",
        "https://cdn.dummyjson.com/product-images/5/3.jpg"
      ]
    },
    {
      "id": 6,
      "title": "MacBook Pro",
      "description": "MacBook Pro 2021 with mini-LED display may launch between September, November",
      "price": 1749,
      "discountPercentage": 11.02,
      "rating": 4.57,
      "stock": 83,
      "brand": "Apple",
      "category": "laptops",
      "thumbnail": "https://cdn.dummyjson.com/product-images/6/thumbnail.png",
      "images": [
        "https://cdn.dummyjson.com/product-images/6/1.png",
        "https://cdn.dummyjson.com/product-images/6/2.jpg",
        "https://cdn.dummyjson.com/product-images/6/3.png",
        "https://cdn.dummyjson.com/product-images/6/4.jpg"
      ]
    },
    {
      "id": 7,
      "title": "Samsung Galaxy Book",
      "description": "Samsung Galaxy Book S (2020) Laptop With Intel Lakefield Chip, 8GB of RAM Launched",
      "price": 1499,
      "discountPercentage": 4.15,
      "rating": 4.25,
      "stock": 50,
      "brand": "Samsung",
      "category": "laptops",
      "thumbnail": "https://cdn.dummyjson.com/product-images/7/thumbnail.jpg",
      "images": [
        "https://cdn.dummyjson.com/product-images/7/1.jpg",
        "https://cdn.dummyjson.com/product-images/7/2.jpg",
        "https://cdn.dummyjson.com/product-images/7/3.jpg",
        "https://cdn.dummyjson.com/product-images/7/thumbnail.jpg"
      ]
    },
    {
      "id": 8,
      "title": "Microsoft Surface Laptop 4",
      "description": "Style and speed. Stand out on HD video calls backed by Studio Mics. Capture ideas on the vibrant touchscreen.",
      "price": 1499,
      "discountPercentage": 10.23,
      "rating": 4.43,
      "stock": 68,
      "brand": "Microsoft Surface",
      "category": "laptops",
      "thumbnail": "https://cdn.dummyjson.com/product-images/8/thumbnail.jpg",
      "images": [
        "https://cdn.dummyjson.com/product-images/8/1.jpg",
        "https://cdn.dummyjson.com/product-images/8/2.jpg",
        "https://cdn.dummyjson.com/product-images/8/3.jpg",
        "https://cdn.dummyjson.com/product-images/8/4.jpg",
        "https://cdn.dummyjson.com/product-images/8/thumbnail.jpg"
      ]
    },
    {
      "id": 9,
      "title": "Infinix INBOOK",
      "description": "Infinix Inbook X1 Ci3 10th 8GB 256GB 14 Win10 Grey – 1 Year Warranty",
      "price": 1099,
      "discountPercentage": 11.83,
      "rating": 4.54,
      "stock": 96,
      "brand": "Infinix",
      "category": "laptops",
      "thumbnail": "https://cdn.dummyjson.com/product-images/9/thumbnail.jpg",
      "images": [
        "https://cdn.dummyjson.com/product-images/9/1.jpg",
        "https://cdn.dummyjson.com/product-images/9/2.png",
        "https://cdn.dummyjson.com/product-images/9/3.png",
        "https://cdn.dummyjson.com/product-images/9/4.jpg",
        "https://cdn.dummyjson.com/product-images/9/thumbnail.jpg"
      ]
    },
    {
      "id": 10,
      "title": "HP Pavilion 15-DK1056WM",
      "description": "HP Pavilion 15-DK1056WM Gaming Laptop 10th Gen Core i5, 8GB, 256GB SSD, GTX 1650 4GB, Windows 10",
      "price": 1099,
      "discountPercentage": 6.18,
      "rating": 4.43,
      "stock": 89,
      "brand": "HP Pavilion",
      "category": "laptops",
      "thumbnail": "https://cdn.dummyjson.com/product-images/10/thumbnail.jpeg",
      "images": [
        "https://cdn.dummyjson.com/product-images/10/1.jpg",
        "https://cdn.dummyjson.com/product-images/10/2.jpg",
        "https://cdn.dummyjson.com/product-images/10/3.jpg",
        "https://cdn.dummyjson.com/product-images/10/thumbnail.jpeg"
      ]
    },
    {
      "id": 11,
      "title": "perfume Oil",
      "description": "Mega Discount, Impression of Acqua Di Gio by GiorgioArmani concentrated attar perfume Oil",
      "price": 13,
      "discountPercentage": 8.4,
      "rating": 4.26,
      "stock": 65,
      "brand": "Impression of Acqua Di Gio",
      "category": "fragrances",
      "thumbnail": "https://cdn.dummyjson.com/product-images/11/thumbnail.jpg",
      "images": [
        "https://cdn.dummyjson.com/product-images/11/1.jpg",
        "https://cdn.dummyjson.com/product-images/11/2.jpg",
        "https://cdn.dummyjson.com/product-images/11/3.jpg",
        "https://cdn.dummyjson.com/product-images/11/thumbnail.jpg"
      ]
    },
    {
      "id": 12,
      "title": "Brown Perfume",
      "description": "Royal_Mirage Sport Brown Perfume for Men & Women - 120ml",
      "price": 40,
      "discountPercentage": 15.66,
      "rating": 4,
      "stock": 52,
      "brand": "Royal_Mirage",
      "category": "fragrances",
      "thumbnail": "https://cdn.dummyjson.com/product-images/12/thumbnail.jpg",
      "images": [
        "https://cdn.dummyjson.com/product-images/12/1.jpg",
        "https://cdn.dummyjson.com/product-images/12/2.jpg",
        "https://cdn.dummyjson.com/product-images/12/3.png",
        "https://cdn.dummyjson.com/product-images/12/4.jpg",
        "https://cdn.dummyjson.com/product-images/12/thumbnail.jpg"
      ]
    },
    {
      "id": 13,
      "title": "Fog Scent Xpressio Perfume",
      "description": "Product details of Best Fog Scent Xpressio Perfume 100ml For Men cool long lasting perfumes for Men",
      "price": 13,
      "discountPercentage": 8.14,
      "rating": 4.59,
      "stock": 61,
      "brand": "Fog Scent Xpressio",
      "category": "fragrances",
      "thumbnail": "https://cdn.dummyjson.com/product-images/13/thumbnail.webp",
      "images": [
        "https://cdn.dummyjson.com/product-images/13/1.jpg",
        "https://cdn.dummyjson.com/product-images/13/2.png",
        "https://cdn.dummyjson.com/product-images/13/3.jpg",
        "https://cdn.dummyjson.com/product-images/13/4.jpg",
        "https://cdn.dummyjson.com/product-images/13/thumbnail.webp"
      ]
    },
    {
      "id": 14,
      "title": "Non-Alcoholic Concentrated Perfume Oil",
      "description": "Original Al Munakh® by Mahal Al Musk | Our Impression of Climate | 6ml Non-Alcoholic Concentrated Perfume Oil",
      "price": 120,
      "discountPercentage": 15.6,
      "rating": 4.21,
      "stock": 114,
      "brand": "Al Munakh",
      "category": "fragrances",
      "thumbnail": "https://cdn.dummyjson.com/product-images/14/thumbnail.jpg",
      "images": [
        "https://cdn.dummyjson.com/product-images/14/1.jpg",
        "https://cdn.dummyjson.com/product-images/14/2.jpg",
        "https://cdn.dummyjson.com/product-images/14/3.jpg",
        "https://cdn.dummyjson.com/product-images/14/thumbnail.jpg"
      ]
    },
    {
      "id": 15,
      "title": "Eau De Perfume Spray",
      "description": "Genuine  Al-Rehab spray perfume from UAE/Saudi Arabia/Yemen High Quality",
      "price": 30,
      "discountPercentage": 10.99,
      "rating": 4.7,
      "stock": 105,
      "brand": "Lord - Al-Rehab",
      "category": "fragrances",
      "thumbnail": "https://cdn.dummyjson.com/product-images/15/thumbnail.jpg",
      "images": [
        "https://cdn.dummyjson.com/product-images/15/1.jpg",
        "https://cdn.dummyjson.com/product-images/15/2.jpg",
        "https://cdn.dummyjson.com/product-images/15/3.jpg",
        "https://cdn.dummyjson.com/product-images/15/4.jpg",
        "https://cdn.dummyjson.com/product-images/15/thumbnail.jpg"
      ]
    },
    {
      "id": 16,
      "title": "Hyaluronic Acid Serum",
      "description": "L'OrÃ©al Paris introduces Hyaluron Expert Replumping Serum formulated with 1.5% Hyaluronic Acid",
      "price": 19,
      "discountPercentage": 13.31,
      "rating": 4.83,
      "stock": 110,
      "brand": "L'Oreal Paris",
      "category": "skincare",
      "thumbnail": "https://cdn.dummyjson.com/product-images/16/thumbnail.jpg",
      "images": [
        "https://cdn.dummyjson.com/product-images/16/1.png",
        "https://cdn.dummyjson.com/product-images/16/2.webp",
        "https://cdn.dummyjson.com/product-images/16/3.jpg",
        "https://cdn.dummyjson.com/product-images/16/4.jpg",
        "https://cdn.dummyjson.com/product-images/16/thumbnail.jpg"
      ]
    },
    {
      "id": 17,
      "title": "Tree Oil 30ml",
      "description": "Tea tree oil contains a number of compounds, including terpinen-4-ol, that have been shown to kill certain bacteria,",
      "price": 12,
      "discountPercentage": 4.09,
      "rating": 4.52,
      "stock": 78,
      "brand": "Hemani Tea",
      "category": "skincare",
      "thumbnail": "https://cdn.dummyjson.com/product-images/17/thumbnail.jpg",
      "images": [
        "https://cdn.dummyjson.com/product-images/17/1.jpg",
        "https://cdn.dummyjson.com/product-images/17/2.jpg",
        "https://cdn.dummyjson.com/product-images/17/3.jpg",
        "https://cdn.dummyjson.com/product-images/17/thumbnail.jpg"
      ]
    },
    {
      "id": 18,
      "title": "Oil Free Moisturizer 100ml",
      "description": "Dermive Oil Free Moisturizer with SPF 20 is specifically formulated with ceramides, hyaluronic acid & sunscreen.",
      "price": 40,
      "discountPercentage": 13.1,
      "rating": 4.56,
      "stock": 88,
      "brand": "Dermive",
      "category": "skincare",
      "thumbnail": "https://cdn.dummyjson.com/product-images/18/thumbnail.jpg",
      "images": [
        "https://cdn.dummyjson.com/product-images/18/1.jpg",
        "https://cdn.dummyjson.com/product-images/18/2.jpg",
        "https://cdn.dummyjson.com/product-images/18/3.jpg",
        "https://cdn.dummyjson.com/product-images/18/4.jpg",
        "https://cdn.dummyjson.com/product-images/18/thumbnail.jpg"
      ]
    },
    {
      "id": 19,
      "title": "Skin Beauty Serum.",
      "description": "Product name: rorec collagen hyaluronic acid white face serum riceNet weight: 15 m",
      "price": 46,
      "discountPercentage": 10.68,
      "rating": 4.42,
      "stock": 54,
      "brand": "ROREC White Rice",
      "category": "skincare",
      "thumbnail": "https://cdn.dummyjson.com/product-images/19/thumbnail.jpg",
      "images": [
        "https://cdn.dummyjson.com/product-images/19/1.jpg",
        "https://cdn.dummyjson.com/product-images/19/2.jpg",
        "https://cdn.dummyjson.com/product-images/19/3.png",
        "https://cdn.dummyjson.com/product-images/19/thumbnail.jpg"
      ]
    },
    {
      "id": 20,
      "title": "Freckle Treatment Cream- 15gm",
      "description": "Fair & Clear is Pakistan's only pure Freckle cream which helpsfade Freckles, Darkspots and pigments. Mercury level is 0%, so there are no side effects.",
      "price": 70,
      "discountPercentage": 16.99,
      "rating": 4.06,
      "stock": 140,
      "brand": "Fair & Clear",
      "category": "skincare",
      "thumbnail": "https://cdn.dummyjson.com/product-images/20/thumbnail.jpg",
      "images": [
        "https://cdn.dummyjson.com/product-images/20/1.jpg",
        "https://cdn.dummyjson.com/product-images/20/2.jpg",
        "https://cdn.dummyjson.com/product-images/20/3.jpg",
        "https://cdn.dummyjson.com/product-images/20/4.jpg",
        "https://cdn.dummyjson.com/product-images/20/thumbnail.jpg"
      ]
    },
    {
      "id": 21,
      "title": "- Daal Masoor 500 grams",
      "description": "Fine quality Branded Product Keep in a cool and dry place",
      "price": 20,
      "discountPercentage": 4.81,
      "rating": 4.44,
      "stock": 133,
      "brand": "Saaf & Khaas",
      "category": "groceries",
      "thumbnail": "https://cdn.dummyjson.com/product-images/21/thumbnail.png",
      "images": [
        "https://cdn.dummyjson.com/product-images/21/1.png",
        "https://cdn.dummyjson.com/product-images/21/2.jpg",
        "https://cdn.dummyjson.com/product-images/21/3.jpg"
      ]
    },
    {
      "id": 22,
      "title": "Elbow Macaroni - 400 gm",
      "description": "Product details of Bake Parlor Big Elbow Macaroni - 400 gm",
      "price": 14,
      "discountPercentage": 15.58,
      "rating": 4.57,
      "stock": 146,
      "brand": "Bake Parlor Big",
      "category": "groceries",
      "thumbnail": "https://cdn.dummyjson.com/product-images/22/thumbnail.jpg",
      "images": [
        "https://cdn.dummyjson.com/product-images/22/1.jpg",
        "https://cdn.dummyjson.com/product-images/22/2.jpg",
        "https://cdn.dummyjson.com/product-images/22/3.jpg"
      ]
    },
    {
      "id": 23,
      "title": "Orange Essence Food Flavou",
      "description": "Specifications of Orange Essence Food Flavour For Cakes and Baking Food Item",
      "price": 14,
      "discountPercentage": 8.04,
      "rating": 4.85,
      "stock": 26,
      "brand": "Baking Food Items",
      "category": "groceries",
      "thumbnail": "https://cdn.dummyjson.com/product-images/23/thumbnail.jpg",
      "images": [
        "https://cdn.dummyjson.com/product-images/23/1.jpg",
        "https://cdn.dummyjson.com/product-images/23/2.jpg",
        "https://cdn.dummyjson.com/product-images/23/3.jpg",
        "https://cdn.dummyjson.com/product-images/23/4.jpg",
        "https://cdn.dummyjson.com/product-images/23/thumbnail.jpg"
      ]
    },
    {
      "id": 24,
      "title": "cereals muesli fruit nuts",
      "description": "original fauji cereal muesli 250gm box pack original fauji cereals muesli fruit nuts flakes breakfast cereal break fast faujicereals cerels cerel foji fouji",
      "price": 46,
      "discountPercentage": 16.8,
      "rating": 4.94,
      "stock": 113,
      "brand": "fauji",
      "category": "groceries",
      "thumbnail": "https://cdn.dummyjson.com/product-images/24/thumbnail.jpg",
      "images": [
        "https://cdn.dummyjson.com/product-images/24/1.jpg",
        "https://cdn.dummyjson.com/product-images/24/2.jpg",
        "https://cdn.dummyjson.com/product-images/24/3.jpg",
        "https://cdn.dummyjson.com/product-images/24/4.jpg",
        "https://cdn.dummyjson.com/product-images/24/thumbnail.jpg"
      ]
    },
    {
      "id": 25,
      "title": "Gulab Powder 50 Gram",
      "description": "Dry Rose Flower Powder Gulab Powder 50 Gram • Treats Wounds",
      "price": 70,
      "discountPercentage": 13.58,
      "rating": 4.87,
      "stock": 47,
      "brand": "Dry Rose",
      "category": "groceries",
      "thumbnail": "https://cdn.dummyjson.com/product-images/25/thumbnail.jpg",
      "images": [
        "https://cdn.dummyjson.com/product-images/25/1.png",
        "https://cdn.dummyjson.com/product-images/25/2.jpg",
        "https://cdn.dummyjson.com/product-images/25/3.png",
        "https://cdn.dummyjson.com/product-images/25/4.jpg",
        "https://cdn.dummyjson.com/product-images/25/thumbnail.jpg"
      ]
    },
    {
      "id": 26,
      "title": "Plant Hanger For Home",
      "description": "Boho Decor Plant Hanger For Home Wall Decoration Macrame Wall Hanging Shelf",
      "price": 41,
      "discountPercentage": 17.86,
      "rating": 4.08,
      "stock": 131,
      "brand": "Boho Decor",
      "category": "home-decoration",
      "thumbnail": "https://cdn.dummyjson.com/product-images/26/thumbnail.jpg",
      "images": [
        "https://cdn.dummyjson.com/product-images/26/1.jpg",
        "https://cdn.dummyjson.com/product-images/26/2.jpg",
        "https://cdn.dummyjson.com/product-images/26/3.jpg",
        "https://cdn.dummyjson.com/product-images/26/4.jpg",
        "https://cdn.dummyjson.com/product-images/26/5.jpg",
        "https://cdn.dummyjson.com/product-images/26/thumbnail.jpg"
      ]
    },
    {
      "id": 27,
      "title": "Flying Wooden Bird",
      "description": "Package Include 6 Birds with Adhesive Tape Shape: 3D Shaped Wooden Birds Material: Wooden MDF, Laminated 3.5mm",
      "price": 51,
      "discountPercentage": 15.58,
      "rating": 4.41,
      "stock": 17,
      "brand": "Flying Wooden",
      "category": "home-decoration",
      "thumbnail": "https://cdn.dummyjson.com/product-images/27/thumbnail.webp",
      "images": [
        "https://cdn.dummyjson.com/product-images/27/1.jpg",
        "https://cdn.dummyjson.com/product-images/27/2.jpg",
        "https://cdn.dummyjson.com/product-images/27/3.jpg",
        "https://cdn.dummyjson.com/product-images/27/4.jpg",
        "https://cdn.dummyjson.com/product-images/27/thumbnail.webp"
      ]
    },
    {
      "id": 28,
      "title": "3D Embellishment Art Lamp",
      "description": "3D led lamp sticker Wall sticker 3d wall art light on/off button  cell operated (included)",
      "price": "22",
      "discountPercentage": "16.4",
      "rating": 4.82,
      "stock": 54,
      "brand": "LED Lights",
      "category": "home-decoration",
      "thumbnail": "https://cdn.dummyjson.com/product-images/28/thumbnail.jpg",
      "images": [
        "https://cdn.dummyjson.com/product-images/28/1.jpg",
        "https://cdn.dummyjson.com/product-images/28/2.jpg",
        "https://cdn.dummyjson.com/product-images/28/3.png",
        "https://cdn.dummyjson.com/product-images/28/4.jpg",
        "https://cdn.dummyjson.com/product-images/28/thumbnail.jpg"
      ]
    },
    {
      "id": 29,
      "title": "Handcraft Chinese style",
      "description": "Handcraft Chinese style art luxury palace hotel villa mansion home decor ceramic vase with brass fruit plate",
      "price": 60,
      "discountPercentage": 15.34,
      "rating": 4.44,
      "stock": 7,
      "brand": "luxury palace",
      "category": "home-decoration",
      "thumbnail": "https://cdn.dummyjson.com/product-images/29/thumbnail.webp",
      "images": [
        "https://cdn.dummyjson.com/product-images/29/1.jpg",
        "https://cdn.dummyjson.com/product-images/29/2.jpg",
        "https://cdn.dummyjson.com/product-images/29/3.webp",
        "https://cdn.dummyjson.com/product-images/29/4.webp",
        "https://cdn.dummyjson.com/product-images/29/thumbnail.webp"
      ]
    }
  ],
  "cart": [],
  "auth": [
    {
      "name": "rohit",
      "email": "rohitbadhai2001@gmail.com",
      "number": "7447576853",
      "dob": "2024-04-28",
      "gender": "male",
      "country": "Indonesia",
      "pincode": "411002",
      "password": "Rohit@1213",
      "confirmPassword": "Rohit@1213",
      "id": 1
    },
    {
      "name": "rohit",
      "email": "blockchain2405@gmail.com",
      "number": "7447576853",
      "dob": "2024-05-01",
      "gender": "male",
      "country": "India",
      "pincode": "411002",
      "password": "Rohit@1213",
      "confirmPassword": "Rohit@1213",
      "id": 4
    }
  ],
  "orders": [
    {
      "userDetails": {
        "email": "rohitbadhai2001@gmail.com",
        "password": "Rohit@1213"
      },
      "address": {
        "name": "aditya",
        "email": "blockchain2405@gmail.com",
        "phone": "9099999999",
        "address": "78, NANA PETH , ASHOK CHOWK , ANANT SHANTI CHAMBERS , FLAT NO. 305, PUNE-411002",
        "country": "IN",
        "state": "MH",
        "city": "Pune",
        "pin": "411002",
        "id": 1
      },
      "Order": [
        {
          "id": "cd65f144-7abc-46aa-b701-c9edf44a93b4",
          "brand": "NIKE",
          "title": "Air Jordan Legacy 312 Low",
          "division": "Kids",
          "category": "Shoes",
          "subCategory": "Lifestyle",
          "price": 52.99,
          "discountPercentage": "0",
          "description": "The Air Jordan Legacy 312 Low Younger Kids' Shoe celebrates MJ's legacy with this shout-out to Chicago's 312 area code. The design creates a modern mash-up of iconic Jordan shoe elements.",
          "thumbnail": "https://static.nike.com/a/images/t_default/u_126ab356-44d8-4a06-89b4-fcdcc8df0245,c_scale,fl_relative,w_1.0,h_1.0,fl_layer_apply/0987395f-6275-4fa3-a77e-77faa3ad6c15/air-jordan-legacy-312-low-younger-shoe-bqlFkz.png",
          "rating": "5",
          "images": [
            "https://cdn.dummyjson.com/product-images/2/1.jpg",
            "https://cdn.dummyjson.com/product-images/2/2.jpg",
            "https://cdn.dummyjson.com/product-images/2/3.jpg",
            "https://cdn.dummyjson.com/product-images/2/thumbnail.jpg"
          ],
          "productId": "5y54yrf",
          "quantity": 1
        },
        {
          "id": "14f092a0-a572-40ac-8aaf-6fd8e2082eda",
          "title": "iPhone 11",
          "description": "SIM-Free, Model A19211 6.5-inch Super Retina HD display with OLED technology A12 Bionic chip with ...",
          "price": "899",
          "discountPercentage": "12",
          "rating": "4.3",
          "stock": 34,
          "brand": "Apple",
          "category": "smartphones",
          "thumbnail": "https://cdn.dummyjson.com/product-images/2/thumbnail.jpg",
          "images": [
            "https://cdn.dummyjson.com/product-images/2/1.jpg",
            "https://cdn.dummyjson.com/product-images/2/2.jpg",
            "https://cdn.dummyjson.com/product-images/2/3.jpg",
            "https://cdn.dummyjson.com/product-images/2/thumbnail.jpg"
          ],
          "productId": 2,
          "quantity": 1
        }
      ],
      "id": "6d9d9b24-68ce-49fc-b499-922bf72c893a",
      "status": "pending",
      "payment": "cash",
      "date": "5/12/2024, 1:31:58 PM"
    },
    {
      "userDetails": {
        "email": "rohitbadhai2001@gmail.com",
        "password": "Rohit@1213"
      },
      "address": {
        "name": "aditya",
        "email": "blockchain2405@gmail.com",
        "phone": "9099999999",
        "address": "78, NANA PETH , ASHOK CHOWK , ANANT SHANTI CHAMBERS , FLAT NO. 305, PUNE-411002",
        "country": "IN",
        "state": "MH",
        "city": "Pune",
        "pin": "411002",
        "id": 1
      },
      "Order": [
        {
          "id": "84ee65b5-cb04-4bcd-965f-9e8261311d29",
          "title": "Samsung Universe 9",
          "description": "Samsung's new variant which goes beyond Galaxy to the Universe",
          "price": 1249,
          "discountPercentage": 15.46,
          "rating": 4.09,
          "stock": 36,
          "brand": "Samsung",
          "category": "smartphones",
          "thumbnail": "https://cdn.dummyjson.com/product-images/3/thumbnail.jpg",
          "images": [
            "https://cdn.dummyjson.com/product-images/3/1.jpg"
          ],
          "productId": 3,
          "quantity": 1
        }
      ],
      "id": "cdbddc58-e6f3-4825-9fc1-ca4d996673c8",
      "status": "In Transit",
      "payment": "cash",
      "date": "5/13/2024, 12:27:20 AM"
    },
    {
      "userDetails": {
        "email": "rohitbadhai2001@gmail.com",
        "password": "Rohit@1213"
      },
      "address": {
        "name": "aditya",
        "email": "blockchain2405@gmail.com",
        "phone": "9099999999",
        "address": "78, NANA PETH , ASHOK CHOWK , ANANT SHANTI CHAMBERS , FLAT NO. 305, PUNE-411002",
        "country": "IN",
        "state": "MH",
        "city": "Pune",
        "pin": "411002",
        "id": 1
      },
      "Order": [
        {
          "id": "48e8f7c6-14e4-4637-ba9d-9ef958ec6413",
          "title": "iPhone 11",
          "description": "SIM-Free, Model A19211 6.5-inch Super Retina HD display with OLED technology A12 Bionic chip with ...",
          "price": "899",
          "discountPercentage": "20",
          "rating": "4.6",
          "stock": 34,
          "brand": "Apple",
          "category": "smartphones",
          "thumbnail": "https://cdn.dummyjson.com/product-images/2/thumbnail.jpg",
          "images": [
            "https://cdn.dummyjson.com/product-images/2/1.jpg",
            "https://cdn.dummyjson.com/product-images/2/2.jpg",
            "https://cdn.dummyjson.com/product-images/2/3.jpg",
            "https://cdn.dummyjson.com/product-images/2/thumbnail.jpg"
          ],
          "productId": 2,
          "quantity": 1
        },
        {
          "id": "684c17fe-701f-46f0-9573-46ea84a6a5e9",
          "brand": "NIKE",
          "title": "Air Jordan Legacy 312 Low",
          "division": "Kids",
          "category": "Shoes",
          "subCategory": "Lifestyle",
          "price": 52.99,
          "discountPercentage": "0",
          "description": "The Air Jordan Legacy 312 Low Younger Kids' Shoe celebrates MJ's legacy with this shout-out to Chicago's 312 area code. The design creates a modern mash-up of iconic Jordan shoe elements.",
          "thumbnail": "https://static.nike.com/a/images/t_default/u_126ab356-44d8-4a06-89b4-fcdcc8df0245,c_scale,fl_relative,w_1.0,h_1.0,fl_layer_apply/0987395f-6275-4fa3-a77e-77faa3ad6c15/air-jordan-legacy-312-low-younger-shoe-bqlFkz.png",
          "rating": "4",
          "images": [
            "https://cdn.dummyjson.com/product-images/2/1.jpg",
            "https://cdn.dummyjson.com/product-images/2/2.jpg",
            "https://cdn.dummyjson.com/product-images/2/3.jpg",
            "https://cdn.dummyjson.com/product-images/2/thumbnail.jpg"
          ],
          "productId": "5y54yrf",
          "quantity": 1
        }
      ],
      "id": "2e41b757-7f2b-4eb6-bd86-ea7858c5e414",
      "status": "pending",
      "payment": "cash",
      "date": "5/13/2024, 10:53:59 AM"
    },
    {
      "userDetails": {
        "email": "rohitbadhai2001@gmail.com",
        "password": "Rohit@1213"
      },
      "address": {
        "name": "aditya",
        "email": "blockchain2405@gmail.com",
        "phone": "9099999999",
        "address": "78, NANA PETH , ASHOK CHOWK , ANANT SHANTI CHAMBERS , FLAT NO. 305, PUNE-411002",
        "country": "IN",
        "state": "MH",
        "city": "Pune",
        "pin": "411002",
        "id": 1
      },
      "Order": [
        {
          "id": "299df896-1dde-4207-9acc-1f4acca2ff10",
          "title": "iPhone 11",
          "description": "SIM-Free, Model A19211 6.5-inch Super Retina HD display with OLED technology A12 Bionic chip with ...",
          "price": "899",
          "discountPercentage": "20",
          "rating": "4.6",
          "stock": 34,
          "brand": "Apple",
          "category": "smartphones",
          "thumbnail": "https://cdn.dummyjson.com/product-images/2/thumbnail.jpg",
          "images": [
            "https://cdn.dummyjson.com/product-images/2/1.jpg",
            "https://cdn.dummyjson.com/product-images/2/2.jpg",
            "https://cdn.dummyjson.com/product-images/2/3.jpg",
            "https://cdn.dummyjson.com/product-images/2/thumbnail.jpg"
          ],
          "productId": 2,
          "quantity": 3
        }
      ],
      "id": "b01ae6d2-f9e8-4b7c-92d9-186badbacda6",
      "status": "Delivered",
      "payment": "cash",
      "date": "5/14/2024, 11:44:12 AM"
    },
    {
      "userDetails": {
        "email": "rohitbadhai2001@gmail.com",
        "password": "Rohit@1213"
      },
      "address": {
        "name": "aditya",
        "email": "blockchain2405@gmail.com",
        "phone": "9099999999",
        "address": "78, NANA PETH , ASHOK CHOWK , ANANT SHANTI CHAMBERS , FLAT NO. 305, PUNE-411002",
        "country": "IN",
        "state": "MH",
        "city": "Pune",
        "pin": "411002",
        "id": 1
      },
      "Order": [
        {
          "id": "5b548bc5-658a-4452-a415-1491e46613f4",
          "brand": "NIKE",
          "title": "Air Jordan Legacy 312 Low",
          "division": "Kids",
          "category": "Shoes",
          "subCategory": "Lifestyle",
          "price": 52.99,
          "discountPercentage": "0",
          "description": "The Air Jordan Legacy 312 Low Younger Kids' Shoe celebrates MJ's legacy with this shout-out to Chicago's 312 area code. The design creates a modern mash-up of iconic Jordan shoe elements.",
          "thumbnail": "https://static.nike.com/a/images/t_default/u_126ab356-44d8-4a06-89b4-fcdcc8df0245,c_scale,fl_relative,w_1.0,h_1.0,fl_layer_apply/0987395f-6275-4fa3-a77e-77faa3ad6c15/air-jordan-legacy-312-low-younger-shoe-bqlFkz.png",
          "rating": "4",
          "images": [
            "https://cdn.dummyjson.com/product-images/2/1.jpg",
            "https://cdn.dummyjson.com/product-images/2/2.jpg",
            "https://cdn.dummyjson.com/product-images/2/3.jpg",
            "https://cdn.dummyjson.com/product-images/2/thumbnail.jpg"
          ],
          "productId": "5y54yrf",
          "quantity": 1
        },
        {
          "id": "ebf64835-ab0c-4cea-b94e-255f8945cdc6",
          "title": "OPPOF19",
          "description": "OPPO F19 is officially announced on April 2021.",
          "price": 280,
          "discountPercentage": 17.91,
          "rating": 4.3,
          "stock": 123,
          "brand": "OPPO",
          "category": "smartphones",
          "thumbnail": "https://cdn.dummyjson.com/product-images/4/thumbnail.jpg",
          "images": [
            "https://cdn.dummyjson.com/product-images/4/1.jpg",
            "https://cdn.dummyjson.com/product-images/4/2.jpg",
            "https://cdn.dummyjson.com/product-images/4/3.jpg",
            "https://cdn.dummyjson.com/product-images/4/4.jpg",
            "https://cdn.dummyjson.com/product-images/4/thumbnail.jpg"
          ],
          "productId": 4,
          "quantity": 1
        },
        {
          "id": "543a3f4f-6930-4556-a483-b83cdfd303d7",
          "title": "iPhone 11",
          "description": "SIM-Free, Model A19211 6.5-inch Super Retina HD display with OLED technology A12 Bionic chip with ...",
          "price": "899",
          "discountPercentage": "20",
          "rating": "4.6",
          "stock": 34,
          "brand": "Apple",
          "category": "smartphones",
          "thumbnail": "https://cdn.dummyjson.com/product-images/2/thumbnail.jpg",
          "images": [
            "https://cdn.dummyjson.com/product-images/2/1.jpg",
            "https://cdn.dummyjson.com/product-images/2/2.jpg",
            "https://cdn.dummyjson.com/product-images/2/3.jpg",
            "https://cdn.dummyjson.com/product-images/2/thumbnail.jpg"
          ],
          "productId": 2,
          "quantity": 1
        }
      ],
      "id": "f19382cb-5e8c-46be-ac3c-b0149d9e4529",
      "status": "pending",
      "payment": "cash",
      "date": "5/14/2024, 2:40:03 PM"
    },
    {
      "userDetails": {
        "email": "rohitbadhai2001@gmail.com",
        "password": "Rohit@1213"
      },
      "address": {
        "name": "aditya",
        "email": "blockchain2405@gmail.com",
        "phone": "9099999999",
        "address": "78, NANA PETH , ASHOK CHOWK , ANANT SHANTI CHAMBERS , FLAT NO. 305, PUNE-411002",
        "country": "IN",
        "state": "MH",
        "city": "Pune",
        "pin": "411002",
        "id": 1
      },
      "Order": [
        {
          "id": "4ff305a6-5fb1-48e4-a0e2-00b538d8c335",
          "title": "iPhone 11",
          "description": "SIM-Free, Model A19211 6.5-inch Super Retina HD display with OLED technology A12 Bionic chip with ...",
          "price": "899",
          "discountPercentage": "20",
          "rating": "4.6",
          "stock": 34,
          "brand": "Apple",
          "category": "smartphones",
          "thumbnail": "https://cdn.dummyjson.com/product-images/2/thumbnail.jpg",
          "images": [
            "https://cdn.dummyjson.com/product-images/2/1.jpg",
            "https://cdn.dummyjson.com/product-images/2/2.jpg",
            "https://cdn.dummyjson.com/product-images/2/3.jpg",
            "https://cdn.dummyjson.com/product-images/2/thumbnail.jpg"
          ],
          "productId": 2,
          "quantity": 3
        }
      ],
      "id": "f89f7d0b-22c6-43e8-9b4c-4e483f9b8ebf",
      "status": "Out for delivery",
      "payment": "cash",
      "date": "5/14/2024, 5:10:21 PM"
    },
    {
      "userDetails": {
        "email": "rohitbadhai2001@gmail.com",
        "password": "Rohit@1213"
      },
      "address": {
        "name": "aditya",
        "email": "blockchain2405@gmail.com",
        "phone": "9099999999",
        "address": "78, NANA PETH , ASHOK CHOWK , ANANT SHANTI CHAMBERS , FLAT NO. 305, PUNE-411002",
        "country": "IN",
        "state": "MH",
        "city": "Pune",
        "pin": "411002",
        "id": 1
      },
      "Order": [
        {
          "id": "fc226a46-98b7-4dab-bec7-2d0a70e675d6",
          "title": "iPhone 11",
          "description": "SIM-Free, Model A19211 6.5-inch Super Retina HD display with OLED technology A12 Bionic chip with ...",
          "price": "899",
          "discountPercentage": "20",
          "rating": "4.6",
          "stock": 34,
          "brand": "Apple",
          "category": "smartphones",
          "thumbnail": "https://cdn.dummyjson.com/product-images/2/thumbnail.jpg",
          "images": [
            "https://cdn.dummyjson.com/product-images/2/1.jpg",
            "https://cdn.dummyjson.com/product-images/2/2.jpg",
            "https://cdn.dummyjson.com/product-images/2/3.jpg",
            "https://cdn.dummyjson.com/product-images/2/thumbnail.jpg"
          ],
          "productId": 2,
          "quantity": 1
        }
      ],
      "id": "408bfd04-80fa-436a-8abb-6d61bc4ce50d",
      "status": "pending",
      "payment": "cash",
      "date": "5/15/2024, 12:08:39 PM"
    }
  ],
  "address": [
    {
      "name": "aditya",
      "email": "blockchain2405@gmail.com",
      "phone": "9099999999",
      "address": "78, NANA PETH , ASHOK CHOWK , ANANT SHANTI CHAMBERS , FLAT NO. 305, PUNE-411002",
      "country": "IN",
      "state": "MH",
      "city": "Pune",
      "pin": "411002",
      "id": 1
    },
    {
      "id": "14e94c78-b82e-4796-8e50-b50b951f8308",
      "name": "rohit",
      "email": "blockchain2405@gmail.com",
      "phone": 7447576853,
      "address": "78, NANA PETH , ASHOK CHOWK , ANANT SHANTI CHAMBERS , FLAT NO. 305, PUNE-411002",
      "country": "IN",
      "state": "MH",
      "city": "Obra",
      "pin": "411002"
    }
  ]
}