{
    "products":
    [
      {
        "company": "NIKE",
        "country": "UNITED KINGDOM",
        "productName": "Nike Waffle Debut",
        "articleNo": "DH9522-001",
        "division": "Men",
        "category": "Shoes",
        "subCategory": "Lifestyle",
        "listPrice": 69.95,
        "salePrice": 41.99,
        "currency": "GBP",
        "description": "Retro gets modernised in the Nike Waffle Debut. Remember that smooth suede and nylon trend? It's back, along with the modernised 'wedge' midsole that feels incredibly plush. And to top it off, we've kept the classic on the bottom—the tried, true and trusted Waffle outsole—that adds traction, durability and heritage style to your step.",
        "url": "https://nike.com/gb/t/waffle-debut-shoes-LxWp0m/DH9522-001",
        "imageUrl": "https://static.nike.com/a/images/t_default/26dd42ea-4c98-455e-ab53-e74db2fb1de2/waffle-debut-shoes-LxWp0m.png",
        "timestamp": "2024-05-06T07:16:43.381Z"
      },
      {
        "company": "NIKE",
        "country": "UNITED KINGDOM",
        "productName": "Nike Waffle Debut",
        "articleNo": "DH9522-001",
        "division": "Men",
        "category": "Shoes",
        "subCategory": "Lifestyle",
        "listPrice": 69.95,
        "salePrice": 41.99,
        "currency": "GBP",
        "description": "Retro gets modernised in the Nike Waffle Debut. Remember that smooth suede and nylon trend? It's back, along with the modernised 'wedge' midsole that feels incredibly plush. And to top it off, we've kept the classic on the bottom—the tried, true and trusted Waffle outsole—that adds traction, durability and heritage style to your step.",
        "url": "https://nike.com/gb/t/waffle-debut-shoes-LxWp0m/DH9522-001",
        "imageUrl": "https://static.nike.com/a/images/t_default/26dd42ea-4c98-455e-ab53-e74db2fb1de2/waffle-debut-shoes-LxWp0m.png",
        "timestamp": "2024-05-06T07:16:43.381Z"
      },
      {
      "company": "NIKE",
      "country": "UNITED KINGDOM",
      "productName": "Jordan",
      "articleNo": "DQ8773-581",
      "division": "Kids",
      "category": "Clothing",
      "subCategory": "Lifestyle",
      "listPrice": 37.95,
      "salePrice": 30.49,
      "currency": "GBP",
      "description": "Hit the court (or the couch!) in the Jordan Trousers. They're easy to pull on and feel soft inside and out. Add in pockets and an elastic waistband for 100% comfort.",
      "url": "https://nike.com/gb/t/jordan-older-trousers-FDQLGt/DQ8773-581",
      "imageUrl": "https://static.nike.com/a/images/t_default/u_126ab356-44d8-4a06-89b4-fcdcc8df0245,c_scale,fl_relative,w_1.0,h_1.0,fl_layer_apply/5bd0aebd-e455-4025-a062-ffa3fb179ad9/jordan-older-trousers-FDQLGt.png",
      "timestamp": "2024-05-06T07:16:37.628Z"
    },
    {
      "company": "NIKE",
      "country": "UNITED KINGDOM",
      "productName": "Nike Sportswear Tech Pack",
      "articleNo": "FB7525-010",
      "division": "Men",
      "category": "Clothing",
      "subCategory": "Lifestyle",
      "listPrice": 139.95,
      "salePrice": null,
      "currency": "GBP",
      "description": "Adding a touch of sophistication to a utilitarian design, these woven trousers from our Tech Pack collection bring you the best of both worlds. A single-zip cargo pocket and a bolo-inspired drawstring offer details that set off your look. The relaxed, straight-leg fit gives you some room to move freely while maintaining a polished vibe.",
      "url": "https://nike.com/gb/t/sportswear-tech-pack-woven-utility-trousers-VDVgGg/FB7525-010",
      "imageUrl": "https://static.nike.com/a/images/t_default/069c88b3-f68c-4ab7-8440-6f52a9f60b41/sportswear-tech-pack-woven-utility-trousers-VDVgGg.png",
      "timestamp": "2024-05-06T07:16:38.029Z"
    },
    {
      "company": "NIKE",
      "country": "UNITED KINGDOM",
      "productName": "Phoenix Suns City Edition",
      "articleNo": "FN1175-010",
      "division": "Men",
      "category": "Clothing",
      "subCategory": "Basketball",
      "listPrice": 32.99,
      "salePrice": 24.99,
      "currency": "GBP",
      "description": "Our City Edition Collection celebrates the bond between a team and the town they call home. Inspired by iconic city symbols and past Phoenix Suns kits, this tee highlights the unique cultures, communities and history that set Phoenix apart.",
      "url": "https://nike.com/gb/t/phoenix-suns-city-edition-nba-t-shirt-mlRgZd/FN1175-010",
      "imageUrl": "https://static.nike.com/a/images/t_default/9a434cbe-ed31-4a48-97b0-caa50eb4b640/phoenix-suns-city-edition-nba-t-shirt-mlRgZd.png",
      "timestamp": "2024-05-06T07:16:38.776Z"
    },
    {
      "company": "NIKE",
      "country": "UNITED KINGDOM",
      "productName": "Nike Rise 365",
      "articleNo": "CZ9184-371",
      "division": "Men",
      "category": "Clothing",
      "subCategory": "Running",
      "listPrice": 39.99,
      "salePrice": 27.99,
      "currency": "GBP",
      "description": "A lightweight favourite returns with more breathability. The Nike 365 Top is made with runner-informed data for cooling in areas where you need it. It has the same soft feel you've come to expect, with design details that nod to the iconic Nike chevron. This product is made from 100% recycled polyester fibres.",
      "url": "https://nike.com/gb/t/rise-365-dri-fit-short-sleeve-running-top-jHqj50/CZ9184-371",
      "imageUrl": "https://static.nike.com/a/images/t_default/6d6e46e2-9d76-4461-9f8d-15cdae727498/rise-365-dri-fit-short-sleeve-running-top-jHqj50.png",
      "timestamp": "2024-05-06T07:16:38.989Z"
    },
    {
      "company": "NIKE",
      "country": "UNITED KINGDOM",
      "productName": "Nike Blazer Mid '77",
      "articleNo": "DA4087-100",
      "division": "Kids",
      "category": "Shoes",
      "subCategory": "Lifestyle",
      "listPrice": 52.99,
      "salePrice": null,
      "currency": "GBP",
      "description": "Your little baller can rule the sneaker game in the Nike Blazer Mid '77. The vintage look and comfortable feel help this court classic transcend the hardwood into a legend of street style.",
      "url": "https://nike.com/gb/t/blazer-mid-77-younger-shoe-1q6LX9/DA4087-100",
      "imageUrl": "https://static.nike.com/a/images/t_default/1f64924b-0da5-49fd-857a-533684e27b96/blazer-mid-77-younger-shoe-1q6LX9.png",
      "timestamp": "2024-05-06T07:16:39.088Z"
    },
    {
      "company": "NIKE",
      "country": "UNITED KINGDOM",
      "productName": "F.C. Barcelona Strike",
      "articleNo": "DX3456-357",
      "division": "Women",
      "category": "Clothing",
      "subCategory": "Soccer",
      "listPrice": 64.99,
      "salePrice": null,
      "currency": "GBP",
      "description": "With design details specifically tailored for football's rising stars, a slim, streamlined fit ensures that nothing comes between you and the ball. Sweat-wicking technology helps keep you cool and composed while you fine-tune your skills.",
      "url": "https://nike.com/gb/t/fc-barcelona-strike-dri-fit-knit-football-pants-1lZX9t/DX3456-357",
      "imageUrl": "https://static.nike.com/a/images/t_default/827d31db-675a-4442-adcc-a8d8fa1ad723/fc-barcelona-strike-dri-fit-knit-football-pants-1lZX9t.png",
      "timestamp": "2024-05-06T07:16:39.100Z"
    },
    {
      "company": "NIKE",
      "country": "UNITED KINGDOM",
      "productName": "Nike ACG 'Reservoir Goat'",
      "articleNo": "FN2474-493",
      "division": "Men",
      "category": "Clothing",
      "subCategory": "Lifestyle",
      "listPrice": 79.99,
      "salePrice": null,
      "currency": "GBP",
      "description": "Lightweight, stretchy and packable, these 'Reservoir Goat' shorts from ACG are made to do it all. Water-repellent fabric helps shed the moisture during a quick cloudburst or after a misty hike. The lightweight fabric also dries quickly, meaning if even if you get wet, you won't stay wet for long. An all-over print depicts the rippling water of Goat Lake in the Northern Cascades.",
      "url": "https://nike.com/gb/t/acg-reservoir-goat-all-over-print-shorts-7sSD4M/FN2474-493",
      "imageUrl": "https://static.nike.com/a/images/t_default/20cc9c3d-be29-4ce1-a82b-8d9e72b7c248/acg-reservoir-goat-all-over-print-shorts-7sSD4M.png",
      "timestamp": "2024-05-06T07:16:39.650Z"
    },
    {
      "company": "NIKE",
      "country": "UNITED KINGDOM",
      "productName": "Nike Air Max Plus",
      "articleNo": "FN6949-100",
      "division": "Men",
      "category": "Shoes",
      "subCategory": "Lifestyle",
      "listPrice": 174.99,
      "salePrice": null,
      "currency": "GBP",
      "description": "Let your attitude have the edge with flame-like caging that adds heat to the streets while airy mesh keeps you cool. The Air Max Plus gives you a tuned Nike Air experience that offers premium stability and unbelievable cushioning.",
      "url": "https://nike.com/gb/t/air-max-plus-shoes-pH9CPF/FN6949-100",
      "imageUrl": "https://static.nike.com/a/images/t_default/b8b9cae6-acec-4189-92db-4a8a91392db7/air-max-plus-shoes-pH9CPF.png",
      "timestamp": "2024-05-06T07:16:39.930Z"
    },
    {
      "company": "NIKE",
      "country": "UNITED KINGDOM",
      "productName": "Paris Saint-Germain",
      "articleNo": "DV2986-010",
      "division": "Women",
      "category": "Clothing",
      "subCategory": "Lifestyle",
      "listPrice": 134.95,
      "salePrice": 67.49,
      "currency": "GBP",
      "description": "With its sophisticated digital design and a classic fit, you're gonna stand out in this jacket. Made to celebrate the collaboration between Jordan and Paris Saint-Germain, the jacket comes with a full zip, covered patch pockets and understated branding. The loose fit gives you extra space and extra comfort as well.",
      "url": "https://nike.com/gb/t/paris-saint-germain-anthem-jacket-Dnl9gp/DV2986-010",
      "imageUrl": "https://static.nike.com/a/images/t_default/u_126ab356-44d8-4a06-89b4-fcdcc8df0245,c_scale,fl_relative,w_1.0,h_1.0,fl_layer_apply/593d5566-a67e-4b48-9869-e873600e0533/paris-saint-germain-anthem-jacket-Dnl9gp.png",
      "timestamp": "2024-05-06T07:16:39.938Z"
    },
    {
      "company": "NIKE",
      "country": "UNITED KINGDOM",
      "productName": "Air Jordan 1 Low SE",
      "articleNo": "HF5759-101",
      "division": "Women",
      "category": "Shoes",
      "subCategory": "Lifestyle",
      "listPrice": 129.99,
      "salePrice": null,
      "currency": "GBP",
      "description": "Low-top but never low profile. Inspired by the original that debuted in '85, this AJ1 offers a clean, classic look that's familiar yet always fresh. Real leather-on-leather detailing gives these J's an extra-sleek look and feel.",
      "url": "https://nike.com/gb/t/air-jordan-1-low-se-shoes-XM4g5V/HF5759-101",
      "imageUrl": "https://static.nike.com/a/images/t_default/u_126ab356-44d8-4a06-89b4-fcdcc8df0245,c_scale,fl_relative,w_1.0,h_1.0,fl_layer_apply/62c7f1ab-22c3-4980-a4f8-aaf7f7670602/air-jordan-1-low-se-shoes-XM4g5V.png",
      "timestamp": "2024-05-06T07:16:40.144Z"
    },
    {
      "company": "NIKE",
      "country": "UNITED KINGDOM",
      "productName": "Brooklyn Nets DNA Courtside",
      "articleNo": "FD8524-007",
      "division": "Men",
      "category": "Clothing",
      "subCategory": "Basketball",
      "listPrice": 109.99,
      "salePrice": null,
      "currency": "GBP",
      "description": "Inspired by the warm-ups found on the hardwood in '96, we gave this Nets jacket a retro style that would feel right at home in that era of hoops clothing. And just like the clothing of that era, this one is smooth and stretchy, so you can get the most out of your movement beyond the court.",
      "url": "https://nike.com/gb/t/brooklyn-nets-dna-courtside-nba-woven-graphic-jacket-f3dzq6/FD8524-007",
      "imageUrl": "https://static.nike.com/a/images/t_default/5a073a24-5c84-420f-813e-3b12c5cb93ef/brooklyn-nets-dna-courtside-nba-woven-graphic-jacket-f3dzq6.png",
      "timestamp": "2024-05-06T07:16:40.188Z"
    },
    {
      "company": "NIKE",
      "country": "UNITED KINGDOM",
      "productName": "Tatum 2 'Legacy'",
      "articleNo": "FJ6457-100",
      "division": "Men",
      "category": "Shoes",
      "subCategory": "Basketball",
      "listPrice": 119.99,
      "salePrice": null,
      "currency": "GBP",
      "description": "You know the legend of Jordan Brand and the lore of Boston. Jayson Tatum takes both legacies into the future with this edition of the Tatum 2, combining the iconic \"White Cement\" with hot pops of colour that celebrate his team. So, what's your legacy going to be? Step into the lightweight and flexible build of the Tatum 2 and make it what you want.",
      "url": "https://nike.com/gb/t/tatum-2-legacy-basketball-shoes-bDfpzH/FJ6457-100",
      "imageUrl": "https://static.nike.com/a/images/t_default/u_126ab356-44d8-4a06-89b4-fcdcc8df0245,c_scale,fl_relative,w_1.0,h_1.0,fl_layer_apply/ac8c389e-f5e4-4266-b634-057ce2425886/tatum-2-legacy-basketball-shoes-bDfpzH.png",
      "timestamp": "2024-05-06T07:16:40.208Z"
    },
    {
      "company": "NIKE",
      "country": "UNITED KINGDOM",
      "productName": "Tatum 2 'Legacy'",
      "articleNo": "FJ6457-300",
      "division": "Men",
      "category": "Shoes",
      "subCategory": "Basketball",
      "listPrice": 119.99,
      "salePrice": null,
      "currency": "GBP",
      "description": "You know the legend of Jordan Brand and the lore of Boston. Jayson Tatum takes both legacies into the future with this edition of the Tatum 2, combining the iconic \"White Cement\" with hot pops of colour that celebrate his team. So, what's your legacy going to be? Step into the lightweight and flexible build of the Tatum 2 and make it what you want.",
      "url": "https://nike.com/gb/t/tatum-2-vortex-basketball-shoes-bDfpzH/FJ6457-300",
      "imageUrl": "https://static.nike.com/a/images/t_default/u_126ab356-44d8-4a06-89b4-fcdcc8df0245,c_scale,fl_relative,w_1.0,h_1.0,fl_layer_apply/cf805f5a-eab7-46ac-acdc-91d3912744c1/tatum-2-vortex-basketball-shoes-bDfpzH.png",
      "timestamp": "2024-05-06T07:16:40.208Z"
    },
    {
      "company": "NIKE",
      "country": "UNITED KINGDOM",
      "productName": "Los Angeles Lakers Retro Fly",
      "articleNo": "DZ0097-504",
      "division": "Women",
      "category": "Clothing",
      "subCategory": "Basketball",
      "listPrice": 82.95,
      "salePrice": null,
      "currency": "GBP",
      "description": "Rep the Lakers while heading to training or out on the town in this Los Angeles Retro Fly jacket. Stay dry and comfortable as you embrace hoops culture with the throwback style and classic logo you know so well.",
      "url": "https://nike.com/gb/t/los-angeles-lakers-retro-fly-dri-fit-nba-jacket-1wT9ks/DZ0097-504",
      "imageUrl": "https://static.nike.com/a/images/t_default/00a4c4e5-9dd3-4ff5-a6e1-c82ed700eb34/los-angeles-lakers-retro-fly-dri-fit-nba-jacket-1wT9ks.png",
      "timestamp": "2024-05-06T07:16:40.831Z"
    },
    {
      "company": "NIKE",
      "country": "UNITED KINGDOM",
      "productName": "Nike Life",
      "articleNo": "FQ1861-307",
      "division": "Men",
      "category": "Clothing",
      "subCategory": "Lifestyle",
      "listPrice": 134.99,
      "salePrice": null,
      "currency": "GBP",
      "description": "Sturdy and warm, this canvas gilet from our Nike Life collection is the right layer to throw on over a long-sleeve tee or hoodie, a flannel button-down or a jumper. It's cut with plenty of room and filled with low-loft insulation to avoid that overstuffed life-jacket feel. Soft ribbing on the collar keeps it comfy on the neck, and deep pockets keep your hands warm and your valuables secure. Try it on and you'll see: it's as simple as it is essential.",
      "url": "https://nike.com/gb/t/life-padded-gilet-6lqG6D/FQ1861-307",
      "imageUrl": "https://static.nike.com/a/images/t_default/6847b182-2340-4bb0-86fb-10c1f101852a/life-padded-gilet-6lqG6D.png",
      "timestamp": "2024-05-06T07:16:40.954Z"
    },
    {
      "company": "NIKE",
      "country": "UNITED KINGDOM",
      "productName": "NikeCourt Lite 4",
      "articleNo": "FD6574-105",
      "division": "Men",
      "category": "Shoes",
      "subCategory": "Tennis",
      "listPrice": 69.99,
      "salePrice": null,
      "currency": "GBP",
      "description": "Whether you're digging, dinking or trying to barrel a ball down the line after scrambling out of a split set, the NikeCourt Lite 4 can help you hold serve. It's durable yet mobile when in the middle of a long rally, ideal for getting to seemingly untouchable shots both near and far.",
      "url": "https://nike.com/gb/t/nikecourt-lite-4-tennis-shoes-WPc551/FD6574-105",
      "imageUrl": "https://static.nike.com/a/images/t_default/89047934-99cd-49fb-8afe-c700ec59befb/nikecourt-lite-4-tennis-shoes-WPc551.png",
      "timestamp": "2024-05-06T07:16:40.994Z"
    },
    {
      "company": "NIKE",
      "country": "UNITED KINGDOM",
      "productName": "Los Angeles Lakers Essential",
      "articleNo": "FQ6981-100",
      "division": "Kids",
      "category": "Clothing",
      "subCategory": "Basketball",
      "listPrice": 27.99,
      "salePrice": null,
      "currency": "GBP",
      "description": "You know where your team loyalty lies. Now let your friends know, too. Soft and lightweight cotton fabric adds a casual look and feel to this relaxed Los Angeles Lakers tee.",
      "url": "https://nike.com/gb/t/los-angeles-lakers-essential-older-nba-t-shirt-tTK0GJ/FQ6981-100",
      "imageUrl": "https://static.nike.com/a/images/t_default/9990cfe3-0c8a-4276-93c4-d641d1b8a291/los-angeles-lakers-essential-older-nba-t-shirt-tTK0GJ.png",
      "timestamp": "2024-05-06T07:16:41.104Z"
    },
    {
      "company": "NIKE",
      "country": "UNITED KINGDOM",
      "productName": "Nike Alate (M)",
      "articleNo": "DV9375-025",
      "division": "Women",
      "category": "Clothing",
      "subCategory": "Yoga",
      "listPrice": 54.99,
      "salePrice": null,
      "currency": "GBP",
      "description": "You don't have to choose between being a mother and an athlete. The Alate (M) sports bra is designed with discreet layers to make time-outs for feeding or pumping a bit easier, with a special moisture-managing fabric and one-handed clips that provide easy access for nursing. Brushed fabric provides a cosy hand-feel for sensitive skin and is combined with a lightweight spacer lining that feels incredibly breathable while still giving you a little coverage.",
      "url": "https://nike.com/gb/t/alate-light-support-lightly-lined-nursing-sports-bra-nkgCFq/DV9375-025",
      "imageUrl": "https://static.nike.com/a/images/t_default/ceb0e21b-3051-47a3-923d-caaa3cc690d8/alate-light-support-lightly-lined-nursing-sports-bra-nkgCFq.png",
      "timestamp": "2024-05-06T07:16:41.223Z"
    },
    {
      "company": "NIKE",
      "country": "UNITED KINGDOM",
      "productName": "Nike Dri-FIT",
      "articleNo": "DX0922-015",
      "division": "Men",
      "category": "Clothing",
      "subCategory": "Yoga",
      "listPrice": 59.95,
      "salePrice": 35.99,
      "currency": "GBP",
      "description": "Pose your way to calm with this sweat-wicking top. We know yoga is your time for restoration, so we made this with a stretchy, lightweight mesh without any seams on the shoulders to hold you back.",
      "url": "https://nike.com/gb/t/dri-fit-all-over-print-short-sleeve-yoga-top-wlwK29/DX0922-015",
      "imageUrl": "https://static.nike.com/a/images/t_default/0b614fcd-b726-437f-ba48-592b4a6df9d6/dri-fit-all-over-print-short-sleeve-yoga-top-wlwK29.png",
      "timestamp": "2024-05-06T07:16:41.822Z"
    },
    {
      "company": "NIKE",
      "country": "UNITED KINGDOM",
      "productName": "F.C. Barcelona AWF Third",
      "articleNo": "FD7268-437",
      "division": "Men",
      "category": "Clothing",
      "subCategory": "Soccer",
      "listPrice": 109.95,
      "salePrice": 76.99,
      "currency": "GBP",
      "description": "Stand proudly with your team as an all-weather fan in this Barcelona jacket. The soft fleece and a water-repellent finish help keep you dry and warm when you're cheering on your squad in cool, wet conditions.",
      "url": "https://nike.com/gb/t/fc-barcelona-awf-third-football-winterized-jacket-lwnzXb/FD7268-437",
      "imageUrl": "https://static.nike.com/a/images/t_default/d3a59cc1-d146-4956-8aab-d9e1d73ca375/fc-barcelona-awf-third-football-winterized-jacket-lwnzXb.png",
      "timestamp": "2024-05-06T07:16:41.771Z"
    },
    {
      "company": "NIKE",
      "country": "UNITED KINGDOM",
      "productName": "Atlético Madrid Strike",
      "articleNo": "DX3183-492",
      "division": "Men",
      "category": "Clothing",
      "subCategory": "Soccer",
      "listPrice": 37.95,
      "salePrice": 26.99,
      "currency": "GBP",
      "description": "With design details specifically tailored for football's rising stars, a slim, streamlined fit ensures that nothing comes between you and the ball. Sweat-wicking technology helps keep you cool and composed while you fine-tune your skills.",
      "url": "https://nike.com/gb/t/atletico-madrid-strike-dri-fit-knit-football-shorts-XHPcw5/DX3183-492",
      "imageUrl": "https://static.nike.com/a/images/t_default/e4a737fe-0c6f-42f3-bd55-ba10ab870bbf/atletico-madrid-strike-dri-fit-knit-football-shorts-XHPcw5.png",
      "timestamp": "2024-05-06T07:16:42.037Z"
    },
    {
      "company": "NIKE",
      "country": "UNITED KINGDOM",
      "productName": "Nike Air",
      "articleNo": "HF5528-361",
      "division": "Men",
      "category": "Clothing",
      "subCategory": "Lifestyle",
      "listPrice": 49.99,
      "salePrice": null,
      "currency": "GBP",
      "description": "Designed to fit comfortably above the knee, these midweight shorts give you a versatile option for everyday wear. Made from sweat-wicking fabric that helps keep you dry and comfortable, they feature a classic fit and easy-to-style colours.",
      "url": "https://nike.com/gb/t/air-shorts-QJFsqz/HF5528-361",
      "imageUrl": "https://static.nike.com/a/images/t_default/e0e13dca-a478-40fc-bc75-4b92a87c0f17/air-shorts-QJFsqz.png",
      "timestamp": "2024-05-06T07:16:42.207Z"
    },
    {
      "company": "NIKE",
      "country": "UNITED KINGDOM",
      "productName": "Nike Air",
      "articleNo": "HF5528-010",
      "division": "Men",
      "category": "Clothing",
      "subCategory": "Lifestyle",
      "listPrice": 49.99,
      "salePrice": null,
      "currency": "GBP",
      "description": "Designed to fit comfortably above the knee, these midweight shorts give you a versatile option for everyday wear. Made from sweat-wicking fabric that helps keep you dry and comfortable, they feature a classic fit and easy-to-style colours.",
      "url": "https://nike.com/gb/t/air-shorts-QJFsqz/HF5528-010",
      "imageUrl": "https://static.nike.com/a/images/t_default/440c5539-7721-40f4-8bb9-673cb57462c3/air-shorts-QJFsqz.png",
      "timestamp": "2024-05-06T07:16:42.207Z"
    },
    {
      "company": "NIKE",
      "country": "UNITED KINGDOM",
      "productName": "Liverpool F.C. 2023/24 Match Away",
      "articleNo": "DX2617-101",
      "division": "Men",
      "category": "Clothing",
      "subCategory": "Soccer",
      "listPrice": 124.95,
      "salePrice": 87.49,
      "currency": "GBP",
      "description": "Our designers reached into the archives to design the Liverpool F.C. 2023/24 Away shirt, drawing inspiration from a colour-blocked kit first released in '95. Digitised green graphics add a modern look, while a hidden detail on the inside pays tribute to the 97 people who tragically died in the Hillsborough Disaster. Our Match collection pairs authentic design details with lightweight, quick-drying technology to help keep the world's biggest football stars cool and comfortable on the pitch.",
      "url": "https://nike.com/gb/t/liverpool-fc-2023-24-match-away-dri-fit-adv-football-shirt-kN9BC8/DX2617-101",
      "imageUrl": "https://static.nike.com/a/images/t_default/73f0de59-9971-4498-963f-c0c6fa080e21/liverpool-fc-2023-24-match-away-dri-fit-adv-football-shirt-kN9BC8.png",
      "timestamp": "2024-05-06T07:16:41.923Z"
    },
    {
      "company": "NIKE",
      "country": "UNITED KINGDOM",
      "productName": "Brooklyn Nets 2023/24 Icon Edition",
      "articleNo": "FZ1188-010",
      "division": "Kids",
      "category": "Clothing",
      "subCategory": "Basketball",
      "listPrice": 49.99,
      "salePrice": null,
      "currency": "GBP",
      "description": "Inspired by the authentic NBA shorts, these Brooklyn Nets Icon Edition Shorts have sweat-wicking fabric and design details that match your team's on-court look. Side pockets stash essential items for easy storage.",
      "url": "https://nike.com/gb/t/brooklyn-nets-2023-24-icon-edition-older-nba-swingman-shorts-ST6Ptf/FZ1188-010",
      "imageUrl": "https://static.nike.com/a/images/t_default/22bd39f1-46c7-43c5-99c1-46fdc7483623/brooklyn-nets-2023-24-icon-edition-older-nba-swingman-shorts-ST6Ptf.png",
      "timestamp": "2024-05-06T07:16:42.355Z"
    },
    {
      "company": "NIKE",
      "country": "UNITED KINGDOM",
      "productName": "Paris Saint-Germain",
      "articleNo": "DR8418-051",
      "division": "Kids",
      "category": "Clothing",
      "subCategory": "Lifestyle",
      "listPrice": 49.95,
      "salePrice": 29.99,
      "currency": "GBP",
      "description": "The Paris Saint-Germain Hoodie lets you celebrate your team in comfort. Fleece fabric helps keep you warm and cosy from the pitch to the pavement.",
      "url": "https://nike.com/gb/t/paris-saint-germain-older-pullover-hoodie-4xCc4x/DR8418-051",
      "imageUrl": "https://static.nike.com/a/images/t_default/u_126ab356-44d8-4a06-89b4-fcdcc8df0245,c_scale,fl_relative,w_1.0,h_1.0,fl_layer_apply/6c55a6ea-7fa1-4a83-ad35-5a6dd14bd7a3/paris-saint-germain-older-pullover-hoodie-4xCc4x.png",
      "timestamp": "2024-05-06T07:16:42.342Z"
    },
    {
      "company": "NIKE",
      "country": "UNITED KINGDOM",
      "productName": "F.C. Barcelona 2023/24 Match Fourth",
      "articleNo": "DR5077-729",
      "division": "Men",
      "category": "Clothing",
      "subCategory": "Soccer",
      "listPrice": 124.99,
      "salePrice": null,
      "currency": "GBP",
      "description": "Our Match collection lets you wear exactly what the pros wear. We paired authentic design details with lightweight, quick-drying technology to help keep you cool and comfortable on the pitch.",
      "url": "https://nike.com/gb/t/fc-barcelona-2023-24-match-fourth-dri-fit-adv-football-shirt-mZV34Q/DR5077-729",
      "imageUrl": "https://static.nike.com/a/images/t_default/448c5470-e3fc-4abf-8f2c-210ac5d1ccb4/fc-barcelona-2023-24-match-fourth-dri-fit-adv-football-shirt-mZV34Q.png",
      "timestamp": "2024-05-06T07:16:42.987Z"
    },
    {
      "company": "NIKE",
      "country": "UNITED KINGDOM",
      "productName": "Nike Historic (NFL Patriots)",
      "articleNo": "DN1915-417",
      "division": "Men",
      "category": "Clothing",
      "subCategory": "Football",
      "listPrice": 32.95,
      "salePrice": 23.49,
      "currency": "GBP",
      "description": "Made from a soft blend of fabrics, the Nike Historic (NFL Patriots) T-Shirt is designed with vintage details to help you proudly support your team.",
      "url": "https://nike.com/gb/t/historic-tri-blend-t-shirt-WTtVqn/DN1915-417",
      "imageUrl": "https://static.nike.com/a/images/t_default/601ea1be-5edb-43b7-97fd-79b9b9017220/historic-tri-blend-t-shirt-WTtVqn.png",
      "timestamp": "2024-05-06T07:16:43.021Z"
    },
    {
      "company": "NIKE",
      "country": "UNITED KINGDOM",
      "productName": "Nike Waffle Debut",
      "articleNo": "DH9522-001",
      "division": "Men",
      "category": "Shoes",
      "subCategory": "Lifestyle",
      "listPrice": 69.95,
      "salePrice": 41.99,
      "currency": "GBP",
      "description": "Retro gets modernised in the Nike Waffle Debut. Remember that smooth suede and nylon trend? It's back, along with the modernised 'wedge' midsole that feels incredibly plush. And to top it off, we've kept the classic on the bottom—the tried, true and trusted Waffle outsole—that adds traction, durability and heritage style to your step.",
      "url": "https://nike.com/gb/t/waffle-debut-shoes-LxWp0m/DH9522-001",
      "imageUrl": "https://static.nike.com/a/images/t_default/26dd42ea-4c98-455e-ab53-e74db2fb1de2/waffle-debut-shoes-LxWp0m.png",
      "timestamp": "2024-05-06T07:16:43.381Z"
    },
    {
      "company": "NIKE",
      "country": "UNITED KINGDOM",
      "productName": "NikeCourt Victory",
      "articleNo": "FD5384-010",
      "division": "Men",
      "category": "Clothing",
      "subCategory": "Tennis",
      "listPrice": 39.99,
      "salePrice": null,
      "currency": "GBP",
      "description": "The NikeCourt Victory Shorts are designed for tennis and built to perform for all your other favourite exercises. They're light and durable to help keep the sweat away with each point.",
      "url": "https://nike.com/gb/t/nikecourt-victory-dri-fit-23cm-tennis-shorts-fqRM3k/FD5384-010",
      "imageUrl": "https://static.nike.com/a/images/t_default/98ebc654-1db6-49ed-9f83-4561e67ac297/nikecourt-victory-dri-fit-23cm-tennis-shorts-fqRM3k.png",
      "timestamp": "2024-05-06T07:16:43.791Z"
    },
    {
      "company": "NIKE",
      "country": "UNITED KINGDOM",
      "productName": "Air Jordan Legacy 312 Low",
      "articleNo": "CD9055-018",
      "division": "Kids",
      "category": "Shoes",
      "subCategory": "Lifestyle",
      "listPrice": 52.99,
      "salePrice": null,
      "currency": "GBP",
      "description": "The Air Jordan Legacy 312 Low Younger Kids' Shoe celebrates MJ's legacy with this shout-out to Chicago's 312 area code. The design creates a modern mash-up of iconic Jordan shoe elements.",
      "url": "https://nike.com/gb/t/air-jordan-legacy-312-low-younger-shoe-bqlFkz/CD9055-018",
      "imageUrl": "https://static.nike.com/a/images/t_default/u_126ab356-44d8-4a06-89b4-fcdcc8df0245,c_scale,fl_relative,w_1.0,h_1.0,fl_layer_apply/0987395f-6275-4fa3-a77e-77faa3ad6c15/air-jordan-legacy-312-low-younger-shoe-bqlFkz.png",
      "timestamp": "2024-05-06T07:16:43.793Z"
    }]
}